{
    "textures": [
        {
            "image": "SlimeH.png",
            "format": "RGBA8888",
            "size": {
                "w": 256,
                "h": 16
            },
            "scale": 1,
            "frames": [
                {
                    "filename": "Slime_0",
                    "rotated": false,
                    "trimmed": false,
                    "sourceSize": {},
                    "spriteSourceSize": {},
                    "frame": {
                        "serializedVersion": 2,
                        "x": 0,
                        "y": 0,
                        "width": 16,
                        "height": 16
                    }
                },
                {
                    "filename": "Slime_1",
                    "rotated": false,
                    "trimmed": false,
                    "sourceSize": {},
                    "spriteSourceSize": {},
                    "frame": {
                        "serializedVersion": 2,
                        "x": 16,
                        "y": 0,
                        "width": 16,
                        "height": 16
                    }
                },
                {
                    "filename": "Slime_2",
                    "rotated": false,
                    "trimmed": false,
                    "sourceSize": {},
                    "spriteSourceSize": {},
                    "frame": {
                        "serializedVersion": 2,
                        "x": 32,
                        "y": 0,
                        "width": 16,
                        "height": 16
                    }
                },
                {
                    "filename": "Slime_3",
                    "rotated": false,
                    "trimmed": false,
                    "sourceSize": {},
                    "spriteSourceSize": {},
                    "frame": {
                        "serializedVersion": 2,
                        "x": 48,
                        "y": 0,
                        "width": 16,
                        "height": 16
                    }
                },
                {
                    "filename": "Slime_4",
                    "rotated": false,
                    "trimmed": false,
                    "sourceSize": {},
                    "spriteSourceSize": {},
                    "frame": {
                        "serializedVersion": 2,
                        "x": 64,
                        "y": 0,
                        "width": 16,
                        "height": 16
                    }
                },
                {
                    "filename": "Slime_5",
                    "rotated": false,
                    "trimmed": false,
                    "sourceSize": {},
                    "spriteSourceSize": {},
                    "frame": {
                        "serializedVersion": 2,
                        "x": 80,
                        "y": 0,
                        "width": 16,
                        "height": 16
                    }
                },
                {
                    "filename": "Slime_6",
                    "rotated": false,
                    "trimmed": false,
                    "sourceSize": {},
                    "spriteSourceSize": {},
                    "frame": {
                        "serializedVersion": 2,
                        "x": 96,
                        "y": 0,
                        "width": 16,
                        "height": 16
                    }
                },
                {
                    "filename": "Slime_7",
                    "rotated": false,
                    "trimmed": false,
                    "sourceSize": {},
                    "spriteSourceSize": {},
                    "frame": {
                        "serializedVersion": 2,
                        "x": 112,
                        "y": 0,
                        "width": 16,
                        "height": 16
                    }
                },
                {
                    "filename": "Slime_8",
                    "rotated": false,
                    "trimmed": false,
                    "sourceSize": {},
                    "spriteSourceSize": {},
                    "frame": {
                        "serializedVersion": 2,
                        "x": 128,
                        "y": 0,
                        "width": 16,
                        "height": 16
                    }
                },
                {
                    "filename": "Slime_9",
                    "rotated": false,
                    "trimmed": false,
                    "sourceSize": {},
                    "spriteSourceSize": {},
                    "frame": {
                        "serializedVersion": 2,
                        "x": 144,
                        "y": 0,
                        "width": 16,
                        "height": 16
                    }
                },
                {
                    "filename": "Slime_10",
                    "rotated": false,
                    "trimmed": false,
                    "sourceSize": {},
                    "spriteSourceSize": {},
                    "frame": {
                        "serializedVersion": 2,
                        "x": 160,
                        "y": 0,
                        "width": 16,
                        "height": 16
                    }
                },
                {
                    "filename": "Slime_11",
                    "rotated": false,
                    "trimmed": false,
                    "sourceSize": {},
                    "spriteSourceSize": {},
                    "frame": {
                        "serializedVersion": 2,
                        "x": 176,
                        "y": 0,
                        "width": 16,
                        "height": 16
                    }
                },
                {
                    "filename": "Slime_12",
                    "rotated": false,
                    "trimmed": false,
                    "sourceSize": {},
                    "spriteSourceSize": {},
                    "frame": {
                        "serializedVersion": 2,
                        "x": 192,
                        "y": 0,
                        "width": 16,
                        "height": 16
                    }
                },
                {
                    "filename": "Slime_13",
                    "rotated": false,
                    "trimmed": false,
                    "sourceSize": {},
                    "spriteSourceSize": {},
                    "frame": {
                        "serializedVersion": 2,
                        "x": 208,
                        "y": 0,
                        "width": 16,
                        "height": 16
                    }
                },
                {
                    "filename": "Slime_14",
                    "rotated": false,
                    "trimmed": false,
                    "sourceSize": {},
                    "spriteSourceSize": {},
                    "frame": {
                        "serializedVersion": 2,
                        "x": 224,
                        "y": 0,
                        "width": 16,
                        "height": 16
                    }
                },
                {
                    "filename": "Slime_15",
                    "rotated": false,
                    "trimmed": false,
                    "sourceSize": {},
                    "spriteSourceSize": {},
                    "frame": {
                        "serializedVersion": 2,
                        "x": 240,
                        "y": 0,
                        "width": 16,
                        "height": 16
                    }
                }
            ]
        }
    ],
    "meta": {
        "app": "https://www.codeandweb.com/texturepacker",
        "version": "3.0",
        "smartupdate": "$TexturePacker:SmartUpdate:ddaed3846e91cfb3b034546f73e7b15d:0b5b3a1160074a9bbfd7fef18fd53318:1365469667d93bb6b74b9d28a96b6600$"
    }
}