{
    "textures": [
        {
            "image": "ZombieB.png",
            "format": "RGBA8888",
            "size": {
                "w": 96,
                "h": 16
            },
            "scale": 1,
            "frames": [
                {
                    "filename": "Zombie_0",
                    "rotated": false,
                    "trimmed": false,
                    "sourceSize": {},
                    "spriteSourceSize": {},
                    "frame": {
                        "serializedVersion": 2,
                        "x": 0,
                        "y": 0,
                        "width": 16,
                        "height": 16
                    }
                },
                {
                    "filename": "Zombie_1",
                    "rotated": false,
                    "trimmed": false,
                    "sourceSize": {},
                    "spriteSourceSize": {},
                    "frame": {
                        "serializedVersion": 2,
                        "x": 16,
                        "y": 0,
                        "width": 16,
                        "height": 16
                    }
                },
                {
                    "filename": "Zombie_2",
                    "rotated": false,
                    "trimmed": false,
                    "sourceSize": {},
                    "spriteSourceSize": {},
                    "frame": {
                        "serializedVersion": 2,
                        "x": 32,
                        "y": 0,
                        "width": 16,
                        "height": 16
                    }
                },
                {
                    "filename": "Zombie_3",
                    "rotated": false,
                    "trimmed": false,
                    "sourceSize": {},
                    "spriteSourceSize": {},
                    "frame": {
                        "serializedVersion": 2,
                        "x": 48,
                        "y": 0,
                        "width": 16,
                        "height": 16
                    }
                },
                {
                    "filename": "Zombie_4",
                    "rotated": false,
                    "trimmed": false,
                    "sourceSize": {},
                    "spriteSourceSize": {},
                    "frame": {
                        "serializedVersion": 2,
                        "x": 64,
                        "y": 0,
                        "width": 16,
                        "height": 16
                    }
                },
                {
                    "filename": "Zombie_5",
                    "rotated": false,
                    "trimmed": false,
                    "sourceSize": {},
                    "spriteSourceSize": {},
                    "frame": {
                        "serializedVersion": 2,
                        "x": 80,
                        "y": 0,
                        "width": 16,
                        "height": 16
                    }
                }
            ]
        }
    ],
    "meta": {
        "app": "https://www.codeandweb.com/texturepacker",
        "version": "3.0",
        "smartupdate": "$TexturePacker:SmartUpdate:ddaed3846e91cfb3b034546f73e7b15d:0b5b3a1160074a9bbfd7fef18fd53318:1365469667d93bb6b74b9d28a96b6600$"
    }
}